{"parent":"item/custom/player_doll/base","elements":[{"from":[3.5,0.5416666666666667,7.0],"to":[4.625,1.5833333333333335,8.25],"faces":{"west":{"uv":[0,0,16,16],"texture":"#0","tintindex":0}}}]}