{"parent":"item/custom/player_doll/base","elements":[{"from":[3.5,4.708333333333334,7.0],"to":[4.625,5.750000000000001,8.25],"faces":{"west":{"uv":[0,0,16,16],"texture":"#0","tintindex":0}}}]}