{"parent":"item/custom/player_doll/base","elements":[{"from":[3.5,6.791666666666667,8.25],"to":[4.625,7.833333333333334,9.5],"faces":{"west":{"uv":[0,0,16,16],"texture":"#0","tintindex":0}}}]}