{"parent":"item/custom/player_doll/base","elements":[{"from":[4.625,4.708333333333334,8.25],"to":[5.75,5.750000000000001,9.5],"faces":{"south":{"uv":[0,0,16,16],"texture":"#0","tintindex":0}}}]}