{"parent":"item/custom/player_doll/base","elements":[{"from":[5.75,9.916666666666668,4.5],"to":[6.875,10.958333333333334,5.75],"faces":{"north":{"uv":[0,0,16,16],"texture":"#0","tintindex":0}}}]}