{"parent":"item/custom/player_doll/base","elements":[{"from":[8.0,4.708333333333334,8.25],"to":[9.125,5.750000000000001,9.5],"faces":{"south":{"uv":[0,0,16,16],"texture":"#0","tintindex":0}}}]}