{"parent":"item/custom/player_doll/base","elements":[{"from":[9.125,3.666666666666667,8.25],"to":[10.25,4.708333333333334,9.5],"faces":{"south":{"uv":[0,0,16,16],"texture":"#0","tintindex":0}}}]}