{"parent":"item/custom/player_doll/base","elements":[{"from":[9.125,6.791666666666667,4.5],"to":[10.25,7.833333333333334,5.75],"faces":{"north":{"uv":[0,0,16,16],"texture":"#0","tintindex":0}}}]}