{"parent":"item/custom/player_doll/base","elements":[{"from":[10.25,4.708333333333334,8.25],"to":[11.375,5.750000000000001,9.5],"faces":{"south":{"uv":[0,0,16,16],"texture":"#0","tintindex":0}}}]}