{"parent":"item/custom/player_doll/base","elements":[{"from":[11.375,9.916666666666668,8.25],"to":[12.5,10.958333333333334,9.5],"faces":{"south":{"uv":[0,0,16,16],"texture":"#0","tintindex":0}}}]}