{"parent":"item/custom/player_doll/base","elements":[{"from":[-0.5,0.5833333333333333,5.75],"to":[0.75,1.6666666666666665,7.0],"faces":{"west":{"uv":[0,0,16,16],"texture":"#0","tintindex":0}}}]}