{"parent":"item/custom/player_doll/base","elements":[{"from":[-0.5,3.833333333333333,4.5],"to":[0.75,4.916666666666666,5.75],"faces":{"north":{"uv":[0,0,16,16],"texture":"#0","tintindex":0}}}]}