{"parent":"item/custom/player_doll/base","elements":[{"from":[0.75,4.916666666666666,8.25],"to":[2.0,5.999999999999999,9.5],"faces":{"south":{"uv":[0,0,16,16],"texture":"#0","tintindex":0}}}]}