{"parent":"item/custom/player_doll/base","elements":[{"from":[2.0,7.083333333333333,8.25],"to":[3.25,8.166666666666666,9.5],"faces":{"south":{"uv":[0,0,16,16],"texture":"#0","tintindex":0}}}]}