{"parent":"item/custom/player_doll/base","elements":[{"from":[3.25,0.5833333333333333,7.0],"to":[4.5,1.6666666666666665,8.25],"faces":{"east":{"uv":[0,0,16,16],"texture":"#0","tintindex":0}}}]}