{"parent":"item/custom/player_doll/base","elements":[{"from":[3.25,7.083333333333333,7.0],"to":[4.5,8.166666666666666,8.25],"faces":{"east":{"uv":[0,0,16,16],"texture":"#0","tintindex":0}}}]}