{"parent":"item/custom/player_doll/base","elements":[{"from":[3.25,10.333333333333332,7.0],"to":[4.5,11.416666666666666,8.25],"faces":{"east":{"uv":[0,0,16,16],"texture":"#0","tintindex":0}}}]}