{"parent":"item/custom/player_doll/base","elements":[{"from":[11.5,3.833333333333333,7.0],"to":[12.75,4.916666666666666,8.25],"faces":{"west":{"uv":[0,0,16,16],"texture":"#0","tintindex":0}}}]}