{"parent":"item/custom/player_doll/base","elements":[{"from":[11.5,4.916666666666666,8.25],"to":[12.75,5.999999999999999,9.5],"faces":{"west":{"uv":[0,0,16,16],"texture":"#0","tintindex":0}}}]}