{"parent":"item/custom/player_doll/base","elements":[{"from":[11.5,7.083333333333333,7.0],"to":[12.75,8.166666666666666,8.25],"faces":{"west":{"uv":[0,0,16,16],"texture":"#0","tintindex":0}}}]}