{"parent":"item/custom/player_doll/base","elements":[{"from":[12.75,3.833333333333333,4.5],"to":[14.0,4.916666666666666,5.75],"faces":{"north":{"uv":[0,0,16,16],"texture":"#0","tintindex":0}}}]}