{"parent":"item/custom/player_doll/base","elements":[{"from":[12.75,3.833333333333333,8.25],"to":[14.0,4.916666666666666,9.5],"faces":{"south":{"uv":[0,0,16,16],"texture":"#0","tintindex":0}}}]}