{"parent":"item/custom/player_doll/base","elements":[{"from":[12.75,10.333333333333332,4.5],"to":[14.0,11.416666666666666,5.75],"faces":{"north":{"uv":[0,0,16,16],"texture":"#0","tintindex":0}}}]}