{"parent":"item/custom/player_doll/base","elements":[{"from":[12.75,10.333333333333332,8.25],"to":[14.0,11.416666666666666,9.5],"faces":{"south":{"uv":[0,0,16,16],"texture":"#0","tintindex":0}}}]}