{"parent":"item/custom/player_doll/base","elements":[{"from":[15.25,0.5833333333333333,4.5],"to":[16.5,1.6666666666666665,5.75],"faces":{"north":{"uv":[0,0,16,16],"texture":"#0","tintindex":0}}}]}