{"parent":"item/custom/player_doll/base","elements":[{"from":[15.25,0.5833333333333333,8.25],"to":[16.5,1.6666666666666665,9.5],"faces":{"south":{"uv":[0,0,16,16],"texture":"#0","tintindex":0}}}]}