{"parent":"item/custom/player_doll/base","elements":[{"from":[15.25,3.833333333333333,4.5],"to":[16.5,4.916666666666666,5.75],"faces":{"north":{"uv":[0,0,16,16],"texture":"#0","tintindex":0}}}]}