{"parent":"item/custom/player_doll/base","elements":[{"from":[15.25,10.333333333333332,8.25],"to":[16.5,11.416666666666666,9.5],"faces":{"south":{"uv":[0,0,16,16],"texture":"#0","tintindex":0}}}]}