{"parent":"item/custom/player_doll/base","elements":[{"from":[3.5,-7.291666666666666,4.5],"to":[4.75,-6.249999999999999,5.75],"faces":{"west":{"uv":[0,0,16,16],"texture":"#0","tintindex":0}}}]}