{"parent":"item/custom/player_doll/base","elements":[{"from":[3.5,-2.083333333333332,4.5],"to":[4.75,-1.0416666666666654,5.75],"faces":{"west":{"uv":[0,0,16,16],"texture":"#0","tintindex":0}}}]}