{"parent":"item/custom/player_doll/base","elements":[{"from":[6.0,-8.333333333333332,4.5],"to":[7.25,-7.291666666666665,5.75],"faces":{"north":{"uv":[0,0,16,16],"texture":"#0","tintindex":0}}}]}