{"parent":"item/custom/player_doll/base","elements":[{"from":[7.25,-11.458333333333334,5.75],"to":[8.5,-10.416666666666668,7.0],"faces":{"east":{"uv":[0,0,16,16],"texture":"#0","tintindex":0}}}]}