{"parent":"item/custom/player_doll/base","elements":[{"from":[7.25,-5.208333333333333,7.0],"to":[8.5,-4.166666666666666,8.25],"faces":{"east":{"uv":[0,0,16,16],"texture":"#0","tintindex":0}}}]}