{"parent":"item/custom/player_doll/base","elements":[{"from":[7.25,-4.166666666666666,4.5],"to":[8.5,-3.124999999999999,5.75],"faces":{"east":{"uv":[0,0,16,16],"texture":"#0","tintindex":0}}}]}