{"parent":"item/custom/player_doll/base","elements":[{"from":[7.25,-1.041666666666666,5.75],"to":[8.5,6.661338147750939e-16,7.0],"faces":{"east":{"uv":[0,0,16,16],"texture":"#0","tintindex":0}}}]}