{"parent":"item/custom/player_doll/base","elements":[{"from":[7.5,-11.458333333333334,7.0],"to":[8.75,-10.416666666666668,8.25],"faces":{"west":{"uv":[0,0,16,16],"texture":"#0","tintindex":0}}}]}