{"parent":"item/custom/player_doll/base","elements":[{"from":[7.5,-2.083333333333332,5.75],"to":[8.75,-1.0416666666666654,7.0],"faces":{"west":{"uv":[0,0,16,16],"texture":"#0","tintindex":0}}}]}