{"parent":"item/custom/player_doll/base","elements":[{"from":[8.75,-8.333333333333332,8.25],"to":[10.0,-7.291666666666665,9.5],"faces":{"south":{"uv":[0,0,16,16],"texture":"#0","tintindex":0}}}]}