{"parent":"item/custom/player_doll/base","elements":[{"from":[10.0,-11.458333333333334,8.25],"to":[11.25,-10.416666666666668,9.5],"faces":{"south":{"uv":[0,0,16,16],"texture":"#0","tintindex":0}}}]}