{"parent":"item/custom/player_doll/base","elements":[{"from":[11.25,-8.333333333333332,8.25],"to":[12.5,-7.291666666666665,9.5],"faces":{"east":{"uv":[0,0,16,16],"texture":"#0","tintindex":0}}}]}