{"parent":"item/custom/player_doll/base","elements":[{"from":[11.25,-4.166666666666666,5.75],"to":[12.5,-3.124999999999999,7.0],"faces":{"east":{"uv":[0,0,16,16],"texture":"#0","tintindex":0}}}]}