{"parent":"item/custom/player_doll/base","elements":[{"from":[11.25,-2.083333333333332,8.25],"to":[12.5,-1.0416666666666654,9.5],"faces":{"south":{"uv":[0,0,16,16],"texture":"#0","tintindex":0}}}]}