{"parent":"item/custom/player_doll/base","elements":[{"from":[3.5,3.666666666666667,5.75],"to":[4.625,4.708333333333334,7.0],"faces":{"west":{"uv":[0,0,16,16],"texture":"#0","tintindex":0}}}]}