{"parent":"item/custom/player_doll/base","elements":[{"from":[3.5,4.708333333333334,4.5],"to":[4.625,5.750000000000001,5.75],"faces":{"north":{"uv":[0,0,16,16],"texture":"#0","tintindex":0}}}]}