{"parent":"item/custom/player_doll/base","elements":[{"from":[4.625,0.5416666666666667,8.25],"to":[5.75,1.5833333333333335,9.5],"faces":{"south":{"uv":[0,0,16,16],"texture":"#0","tintindex":0}}}]}