{"parent":"item/custom/player_doll/base","elements":[{"from":[6.875,0.5416666666666667,4.5],"to":[8.0,1.5833333333333335,5.75],"faces":{"north":{"uv":[0,0,16,16],"texture":"#0","tintindex":0}}}]}