{"parent":"item/custom/player_doll/base","elements":[{"from":[6.875,3.666666666666667,8.25],"to":[8.0,4.708333333333334,9.5],"faces":{"south":{"uv":[0,0,16,16],"texture":"#0","tintindex":0}}}]}