{"parent":"item/custom/player_doll/base","elements":[{"from":[9.125,0.5416666666666667,4.5],"to":[10.25,1.5833333333333335,5.75],"faces":{"north":{"uv":[0,0,16,16],"texture":"#0","tintindex":0}}}]}