{"parent":"item/custom/player_doll/base","elements":[{"from":[10.25,3.666666666666667,4.5],"to":[11.375,4.708333333333334,5.75],"faces":{"north":{"uv":[0,0,16,16],"texture":"#0","tintindex":0}}}]}