{"parent":"item/custom/player_doll/base","elements":[{"from":[11.375,0.5416666666666667,5.75],"to":[12.5,1.5833333333333335,7.0],"faces":{"east":{"uv":[0,0,16,16],"texture":"#0","tintindex":0}}}]}