{"parent":"item/custom/player_doll/base","elements":[{"from":[11.375,3.666666666666667,5.75],"to":[12.5,4.708333333333334,7.0],"faces":{"east":{"uv":[0,0,16,16],"texture":"#0","tintindex":0}}}]}