{"parent":"item/custom/player_doll/base","elements":[{"from":[11.375,6.791666666666667,5.75],"to":[12.5,7.833333333333334,7.0],"faces":{"east":{"uv":[0,0,16,16],"texture":"#0","tintindex":0}}}]}