{"parent":"item/custom/player_doll/base","elements":[{"from":[0.5,2.75,8.25],"to":[1.8333333333333333,3.833333333333333,9.5],"faces":{"south":{"uv":[0,0,16,16],"texture":"#0","tintindex":0}}}]}