{"parent":"item/custom/player_doll/base","elements":[{"from":[0.5,4.916666666666666,4.5],"to":[1.8333333333333333,5.999999999999999,5.75],"faces":{"north":{"uv":[0,0,16,16],"texture":"#0","tintindex":0}}}]}