{"parent":"item/custom/player_doll/base","elements":[{"from":[0.5,6.0,7.0],"to":[1.8333333333333333,7.083333333333333,8.25],"faces":{"west":{"uv":[0,0,16,16],"texture":"#0","tintindex":0}}}]}