{"parent":"item/custom/player_doll/base","elements":[{"from":[0.5,8.166666666666666,8.25],"to":[1.8333333333333333,9.25,9.5],"faces":{"south":{"uv":[0,0,16,16],"texture":"#0","tintindex":0}}}]}