{"parent":"item/custom/player_doll/base","elements":[{"from":[0.5,9.25,4.5],"to":[1.8333333333333333,10.333333333333334,5.75],"faces":{"west":{"uv":[0,0,16,16],"texture":"#0","tintindex":0}}}]}