{"parent":"item/custom/player_doll/base","elements":[{"from":[0.5,9.25,8.25],"to":[1.8333333333333333,10.333333333333334,9.5],"faces":{"west":{"uv":[0,0,16,16],"texture":"#0","tintindex":0}}}]}