{"parent":"item/custom/player_doll/base","elements":[{"from":[0.5,10.333333333333332,8.25],"to":[1.8333333333333333,11.416666666666666,9.5],"faces":{"south":{"uv":[0,0,16,16],"texture":"#0","tintindex":0}}}]}