{"parent":"item/custom/player_doll/base","elements":[{"from":[0.5,11.416666666666666,7.0],"to":[1.8333333333333333,12.5,8.25],"faces":{"west":{"uv":[0,0,16,16],"texture":"#0","tintindex":0}}}]}