{"parent":"item/custom/player_doll/base","elements":[{"from":[1.833333333333333,-0.5,7.0],"to":[3.166666666666666,0.5833333333333333,8.25],"faces":{"down":{"uv":[0,0,16,16],"texture":"#0","tintindex":0}}}]}