{"parent":"item/custom/player_doll/base","elements":[{"from":[1.833333333333333,11.416666666666666,4.5],"to":[3.166666666666666,12.5,5.75],"faces":{"north":{"uv":[0,0,16,16],"texture":"#0","tintindex":0}}}]}