{"parent":"item/custom/player_doll/base","elements":[{"from":[3.1666666666666665,1.6666666666666665,4.5],"to":[4.5,2.75,5.75],"faces":{"north":{"uv":[0,0,16,16],"texture":"#0","tintindex":0}}}]}