{"parent":"item/custom/player_doll/base","elements":[{"from":[3.1666666666666665,1.6666666666666665,7.0],"to":[4.5,2.75,8.25],"faces":{"east":{"uv":[0,0,16,16],"texture":"#0","tintindex":0}}}]}