{"parent":"item/custom/player_doll/base","elements":[{"from":[3.1666666666666665,3.833333333333333,7.0],"to":[4.5,4.916666666666666,8.25],"faces":{"east":{"uv":[0,0,16,16],"texture":"#0","tintindex":0}}}]}