{"parent":"item/custom/player_doll/base","elements":[{"from":[3.1666666666666665,4.916666666666666,7.0],"to":[4.5,5.999999999999999,8.25],"faces":{"east":{"uv":[0,0,16,16],"texture":"#0","tintindex":0}}}]}