{"parent":"item/custom/player_doll/base","elements":[{"from":[3.1666666666666665,6.0,8.25],"to":[4.5,7.083333333333333,9.5],"faces":{"east":{"uv":[0,0,16,16],"texture":"#0","tintindex":0}}}]}