{"parent":"item/custom/player_doll/base","elements":[{"from":[3.1666666666666665,11.416666666666666,7.0],"to":[4.5,12.5,8.25],"faces":{"up":{"uv":[0,0,16,16],"texture":"#0","tintindex":0}}}]}