{"parent":"item/custom/player_doll/base","elements":[{"from":[11.5,-0.5,4.5],"to":[12.833333333333334,0.5833333333333333,5.75],"faces":{"west":{"uv":[0,0,16,16],"texture":"#0","tintindex":0}}}]}