{"parent":"item/custom/player_doll/base","elements":[{"from":[11.5,6.0,5.75],"to":[12.833333333333334,7.083333333333333,7.0],"faces":{"west":{"uv":[0,0,16,16],"texture":"#0","tintindex":0}}}]}