{"parent":"item/custom/player_doll/base","elements":[{"from":[11.5,6.0,8.25],"to":[12.833333333333334,7.083333333333333,9.5],"faces":{"south":{"uv":[0,0,16,16],"texture":"#0","tintindex":0}}}]}