{"parent":"item/custom/player_doll/base","elements":[{"from":[11.5,8.166666666666666,4.5],"to":[12.833333333333334,9.25,5.75],"faces":{"west":{"uv":[0,0,16,16],"texture":"#0","tintindex":0}}}]}