{"parent":"item/custom/player_doll/base","elements":[{"from":[11.5,9.25,8.25],"to":[12.833333333333334,10.333333333333334,9.5],"faces":{"south":{"uv":[0,0,16,16],"texture":"#0","tintindex":0}}}]}