{"parent":"item/custom/player_doll/base","elements":[{"from":[11.5,10.333333333333332,8.25],"to":[12.833333333333334,11.416666666666666,9.5],"faces":{"west":{"uv":[0,0,16,16],"texture":"#0","tintindex":0}}}]}