{"parent":"item/custom/player_doll/base","elements":[{"from":[11.5,11.416666666666666,7.0],"to":[12.833333333333334,12.5,8.25],"faces":{"up":{"uv":[0,0,16,16],"texture":"#0","tintindex":0}}}]}