{"parent":"item/custom/player_doll/base","elements":[{"from":[12.833333333333334,0.5833333333333333,8.25],"to":[14.166666666666668,1.6666666666666665,9.5],"faces":{"south":{"uv":[0,0,16,16],"texture":"#0","tintindex":0}}}]}