{"parent":"item/custom/player_doll/base","elements":[{"from":[12.833333333333334,4.916666666666666,4.5],"to":[14.166666666666668,5.999999999999999,5.75],"faces":{"north":{"uv":[0,0,16,16],"texture":"#0","tintindex":0}}}]}