{"parent":"item/custom/player_doll/base","elements":[{"from":[14.166666666666666,-0.5,4.5],"to":[15.5,0.5833333333333333,5.75],"faces":{"north":{"uv":[0,0,16,16],"texture":"#0","tintindex":0}}}]}