{"parent":"item/custom/player_doll/base","elements":[{"from":[14.166666666666666,0.5833333333333333,8.25],"to":[15.5,1.6666666666666665,9.5],"faces":{"east":{"uv":[0,0,16,16],"texture":"#0","tintindex":0}}}]}