{"parent":"item/custom/player_doll/base","elements":[{"from":[14.166666666666666,2.75,5.75],"to":[15.5,3.833333333333333,7.0],"faces":{"east":{"uv":[0,0,16,16],"texture":"#0","tintindex":0}}}]}