{"parent":"item/custom/player_doll/base","elements":[{"from":[14.166666666666666,3.833333333333333,8.25],"to":[15.5,4.916666666666666,9.5],"faces":{"east":{"uv":[0,0,16,16],"texture":"#0","tintindex":0}}}]}