{"parent":"item/custom/player_doll/base","elements":[{"from":[14.166666666666666,8.166666666666666,7.0],"to":[15.5,9.25,8.25],"faces":{"east":{"uv":[0,0,16,16],"texture":"#0","tintindex":0}}}]}