{"parent":"item/custom/player_doll/base","elements":[{"from":[14.166666666666666,9.25,8.25],"to":[15.5,10.333333333333334,9.5],"faces":{"south":{"uv":[0,0,16,16],"texture":"#0","tintindex":0}}}]}