{"parent":"item/custom/player_doll/base","elements":[{"from":[14.166666666666666,11.416666666666666,8.25],"to":[15.5,12.5,9.5],"faces":{"east":{"uv":[0,0,16,16],"texture":"#0","tintindex":0}}}]}