{"parent":"item/custom/player_doll/base","elements":[{"from":[3.5,-11.458333333333334,4.5],"to":[4.75,-10.416666666666668,5.75],"faces":{"north":{"uv":[0,0,16,16],"texture":"#0","tintindex":0}}}]}