{"parent":"item/custom/player_doll/base","elements":[{"from":[3.5,-8.333333333333332,8.25],"to":[4.75,-7.291666666666665,9.5],"faces":{"west":{"uv":[0,0,16,16],"texture":"#0","tintindex":0}}}]}