{"parent":"item/custom/player_doll/base","elements":[{"from":[4.75,-8.333333333333332,8.25],"to":[6.0,-7.291666666666665,9.5],"faces":{"south":{"uv":[0,0,16,16],"texture":"#0","tintindex":0}}}]}