{"parent":"item/custom/player_doll/base","elements":[{"from":[4.75,-7.291666666666666,4.5],"to":[6.0,-6.249999999999999,5.75],"faces":{"north":{"uv":[0,0,16,16],"texture":"#0","tintindex":0}}}]}