{"parent":"item/custom/player_doll/base","elements":[{"from":[4.75,-5.208333333333333,8.25],"to":[6.0,-4.166666666666666,9.5],"faces":{"south":{"uv":[0,0,16,16],"texture":"#0","tintindex":0}}}]}