{"parent":"item/custom/player_doll/base","elements":[{"from":[4.75,-1.041666666666666,4.5],"to":[6.0,6.661338147750939e-16,5.75],"faces":{"north":{"uv":[0,0,16,16],"texture":"#0","tintindex":0}}}]}