{"parent":"item/custom/player_doll/base","elements":[{"from":[6.0,-11.458333333333334,4.5],"to":[7.25,-10.416666666666668,5.75],"faces":{"north":{"uv":[0,0,16,16],"texture":"#0","tintindex":0}}}]}