{"parent":"item/custom/player_doll/base","elements":[{"from":[6.0,-4.166666666666666,8.25],"to":[7.25,-3.124999999999999,9.5],"faces":{"south":{"uv":[0,0,16,16],"texture":"#0","tintindex":0}}}]}