{"parent":"item/custom/player_doll/base","elements":[{"from":[7.25,-8.333333333333332,7.0],"to":[8.5,-7.291666666666665,8.25],"faces":{"east":{"uv":[0,0,16,16],"texture":"#0","tintindex":0}}}]}