{"parent":"item/custom/player_doll/base","elements":[{"from":[7.25,-7.291666666666666,7.0],"to":[8.5,-6.249999999999999,8.25],"faces":{"east":{"uv":[0,0,16,16],"texture":"#0","tintindex":0}}}]}