{"parent":"item/custom/player_doll/base","elements":[{"from":[7.25,-5.208333333333333,4.5],"to":[8.5,-4.166666666666666,5.75],"faces":{"east":{"uv":[0,0,16,16],"texture":"#0","tintindex":0}}}]}