{"parent":"item/custom/player_doll/base","elements":[{"from":[7.5,-5.208333333333333,5.75],"to":[8.75,-4.166666666666666,7.0],"faces":{"west":{"uv":[0,0,16,16],"texture":"#0","tintindex":0}}}]}