{"parent":"item/custom/player_doll/base","elements":[{"from":[7.5,-4.166666666666666,8.25],"to":[8.75,-3.124999999999999,9.5],"faces":{"south":{"uv":[0,0,16,16],"texture":"#0","tintindex":0}}}]}