{"parent":"item/custom/player_doll/base","elements":[{"from":[7.5,-2.083333333333332,7.0],"to":[8.75,-1.0416666666666654,8.25],"faces":{"west":{"uv":[0,0,16,16],"texture":"#0","tintindex":0}}}]}