{"parent":"item/custom/player_doll/base","elements":[{"from":[7.5,-1.041666666666666,8.25],"to":[8.75,6.661338147750939e-16,9.5],"faces":{"west":{"uv":[0,0,16,16],"texture":"#0","tintindex":0}}}]}