{"parent":"item/custom/player_doll/base","elements":[{"from":[8.75,-2.083333333333332,8.25],"to":[10.0,-1.0416666666666654,9.5],"faces":{"south":{"uv":[0,0,16,16],"texture":"#0","tintindex":0}}}]}