{"parent":"item/custom/player_doll/base","elements":[{"from":[10.0,-7.291666666666666,8.25],"to":[11.25,-6.249999999999999,9.5],"faces":{"south":{"uv":[0,0,16,16],"texture":"#0","tintindex":0}}}]}