{"parent":"item/custom/player_doll/base","elements":[{"from":[10.0,-2.083333333333332,4.5],"to":[11.25,-1.0416666666666654,5.75],"faces":{"north":{"uv":[0,0,16,16],"texture":"#0","tintindex":0}}}]}