{"parent":"item/custom/player_doll/base","elements":[{"from":[11.25,-11.458333333333334,4.5],"to":[12.5,-10.416666666666668,5.75],"faces":{"east":{"uv":[0,0,16,16],"texture":"#0","tintindex":0}}}]}