{"parent":"item/custom/player_doll/base","elements":[{"from":[11.25,-1.041666666666666,7.0],"to":[12.5,6.661338147750939e-16,8.25],"faces":{"east":{"uv":[0,0,16,16],"texture":"#0","tintindex":0}}}]}