{"parent":"item/custom/player_doll/base","elements":[{"from":[11.25,-1.041666666666666,8.25],"to":[12.5,6.661338147750939e-16,9.5],"faces":{"south":{"uv":[0,0,16,16],"texture":"#0","tintindex":0}}}]}